10000;63.32340000000001;174.40173185000006;10.04987562112089;101;0.0;0.0;0.0;0.0;0.0;1.0;10000;56.435700000000004;174.6006629;9.746794344808963;95;0.0;0.0;0.0;0.0;0.0;1.0;10000;65.8043;174.6970939500001;10.099504938362077;102;0.0;0.0;0.0;0.0;0.0;1.0;10000;66.57900000000001;174.5437732000001;9.591663046625438;92;0.0;0.0;0.0;0.0;0.0;1.0;10000;76.12429999999999;175.25783667499954;10.44030650891055;109;0.0;0.0;0.0;0.0;0.0;1.0;10000;45.9234;175.61975797500025;9.643650760992955;93;0.0;0.0;0.0;0.0;0.0;1.0;10000;64.9745;174.5155476750003;9.219544457292887;85;0.0;0.0;0.0;0.0;0.0;1.0;10000;46.4878;174.2628143750003;10.04987562112089;101;0.0;0.0;0.0;0.0;0.0;1.0;10000;43.8566;174.9987488750002;10.14889156509222;103;0.0;0.0;0.0;0.0;0.0;1.0;10000;64.87379999999999;174.52151852500023;10.04987562112089;101;0.0;0.0;0.0;0.0;0.0;1.0;174.74194860000011;59.43828;43.8566
10000;61.3743;174.57774190000012;9.899494936611665;98;0.0;0.0;0.0;0.0;0.0;1.0;10000;48.322800000000015;174.83809170000038;10.099504938362077;102;0.0;0.0;0.0;0.0;0.0;1.0;10000;58.9839;174.86723654999983;10.344080432788601;107;0.0;0.0;0.0;0.0;0.0;1.0;10000;60.829499999999996;175.1649073250003;10.344080432788601;107;0.0;0.0;0.0;0.0;0.0;1.0;10000;58.4766;174.51874264999998;9.899494936611665;98;0.0;0.0;0.0;0.0;0.0;1.0;10000;56.11800000000001;174.53259937499996;9.848857801796104;97;0.0;0.0;0.0;0.0;0.0;1.0;10000;80.2156;174.60161877500008;10.14889156509222;103;0.0;0.0;0.0;0.0;0.0;1.0;10000;69.3299;173.7787957249998;9.695359714832659;94;0.0;0.0;0.0;0.0;0.0;1.0;10000;65.09240000000001;175.7907185749999;10.198039027185569;104;0.0;0.0;0.0;0.0;0.0;1.0;10000;60.934900000000006;174.7634235000003;10.344080432788601;107;0.0;0.0;0.0;0.0;0.0;1.0;174.74338760750007;61.96779;48.322800000000015
10000;55.2384;174.9042709000001;10.392304845413264;108;0.0;0.0;0.0;0.0;0.0;1.0;10000;71.7622;175.02341749999985;9.746794344808963;95;0.0;0.0;0.0;0.0;0.0;1.0;10000;64.1502;174.0940131499999;9.695359714832659;94;0.0;0.0;0.0;0.0;0.0;1.0;10000;70.34030000000003;174.84112792499943;10.246950765959598;105;0.0;0.0;0.0;0.0;0.0;1.0;10000;65.6949;175.31550009999958;10.246950765959598;105;0.0;0.0;0.0;0.0;0.0;1.0;10000;71.1565;174.87353815000017;10.198039027185569;104;0.0;0.0;0.0;0.0;0.0;1.0;10000;59.7132;175.1788156250002;9.746794344808963;95;0.0;0.0;0.0;0.0;0.0;1.0;10000;60.338899999999995;174.82886262499994;10.535653752852738;111;0.0;0.0;0.0;0.0;0.0;1.0;10000;58.010600000000004;174.63744685;10.583005244258363;112;0.0;0.0;0.0;0.0;0.0;1.0;10000;69.14609999999998;174.6667028749994;9.433981132056603;89;0.0;0.0;0.0;0.0;0.0;1.0;174.83636956999987;64.55512999999999;55.2384
10000;64.1955;174.39430774999946;10.099504938362077;102;0.0;0.0;0.0;0.0;0.0;1.0;10000;61.561600000000006;174.28376517500078;9.746794344808963;95;0.0;0.0;0.0;0.0;0.0;1.0;10000;65.46799999999999;174.9971723999996;10.246950765959598;105;0.0;0.0;0.0;0.0;0.0;1.0;10000;67.2086;174.37970252499994;9.9498743710662;99;0.0;0.0;0.0;0.0;0.0;1.0;10000;73.58810000000001;174.46258742500015;10.246950765959598;105;0.0;0.0;0.0;0.0;0.0;1.0;10000;65.40400000000001;175.90753529999964;10.0;100;0.0;0.0;0.0;0.0;0.0;1.0;10000;67.7806;175.12520352499968;9.591663046625438;92;0.0;0.0;0.0;0.0;0.0;1.0;10000;40.3438;174.6282211499994;10.583005244258363;112;0.0;0.0;0.0;0.0;0.0;1.0;10000;61.0531;174.70559444999947;10.04987562112089;101;0.0;0.0;0.0;0.0;0.0;1.0;10000;49.3857;175.19925940000013;9.848857801796104;97;0.0;0.0;0.0;0.0;0.0;1.0;174.80833490999981;61.5989;40.3438
10000;58.7825;174.41871704999926;10.14889156509222;103;0.0;0.0;0.0;0.0;0.0;1.0;10000;73.1119;174.19257089999982;9.746794344808963;95;0.0;0.0;0.0;0.0;0.0;1.0;10000;65.1056;174.7740431999999;9.695359714832659;94;0.0;0.0;0.0;0.0;0.0;1.0;10000;54.65790000000001;174.14751229999987;9.9498743710662;99;0.0;0.0;0.0;0.0;0.0;1.0;10000;68.5236;173.71050732499995;10.488088481701515;110;0.0;0.0;0.0;0.0;0.0;1.0;10000;50.4963;174.6701871499997;10.099504938362077;102;0.0;0.0;0.0;0.0;0.0;1.0;10000;60.37890000000001;174.87786022500006;9.9498743710662;99;0.0;0.0;0.0;0.0;0.0;1.0;10000;72.7618;174.0203696;10.0;100;0.0;0.0;0.0;0.0;0.0;1.0;10000;56.44820000000001;175.3597928250003;10.04987562112089;101;0.0;0.0;0.0;0.0;0.0;1.0;10000;52.289899999999996;175.61214047500007;9.746794344808963;95;0.0;0.0;0.0;0.0;0.0;1.0;174.57837010499992;61.25566;50.4963
10000;63.27510000000001;174.77013082500034;10.295630140987;106;0.0;0.0;0.0;0.0;0.0;1.0;10000;69.98519999999999;175.3485975;9.591663046625438;92;0.0;0.0;0.0;0.0;0.0;1.0;10000;63.79760000000001;175.10581645000042;9.539392014169456;91;0.0;0.0;0.0;0.0;0.0;1.0;10000;68.6223;175.59012372500018;9.797958971132712;96;0.0;0.0;0.0;0.0;0.0;1.0;10000;47.348200000000006;173.4006024000006;9.848857801796104;97;0.0;0.0;0.0;0.0;0.0;1.0;10000;55.59769999999999;174.04639300000014;10.344080432788601;107;0.0;0.0;0.0;0.0;0.0;1.0;10000;67.9155;175.0837529999998;10.295630140987;106;0.0;0.0;0.0;0.0;0.0;1.0;10000;59.616600000000005;174.91209899999993;9.433981132056603;89;0.0;0.0;0.0;0.0;0.0;1.0;10000;67.31530000000001;174.3704541999998;10.099504938362077;102;0.0;0.0;0.0;0.0;0.0;1.0;10000;66.2088;174.14314247500008;9.9498743710662;99;0.0;0.0;0.0;0.0;0.0;1.0;174.67711125750014;62.968230000000005;47.348200000000006
10000;51.57769999999999;174.8915110999997;10.344080432788601;107;0.0;0.0;0.0;0.0;0.0;1.0;10000;67.3314;175.24682482500054;9.797958971132712;96;0.0;0.0;0.0;0.0;0.0;1.0;10000;62.73119999999999;175.58585069999987;10.392304845413264;108;0.0;0.0;0.0;0.0;0.0;1.0;10000;64.1504;174.42555180000082;9.848857801796104;97;0.0;0.0;0.0;0.0;0.0;1.0;10000;48.96489999999999;174.60439265000016;10.04987562112089;101;0.0;0.0;0.0;0.0;0.0;1.0;10000;61.41330000000001;175.10462732499965;10.0;100;0.0;0.0;0.0;0.0;0.0;1.0;10000;65.74629999999999;175.5582039250003;10.0;100;0.0;0.0;0.0;0.0;0.0;1.0;10000;70.4299;175.02875760000003;10.0;100;0.0;0.0;0.0;0.0;0.0;1.0;10000;67.8263;174.51952199999982;9.848857801796104;97;0.0;0.0;0.0;0.0;0.0;1.0;10000;61.5855;174.74864042500013;9.9498743710662;99;0.0;0.0;0.0;0.0;0.0;1.0;174.9713882350001;62.175689999999996;48.96489999999999
10000;72.8374;174.25649619999984;9.643650760992955;93;0.0;0.0;0.0;0.0;0.0;1.0;10000;60.29659999999999;175.03569140000005;10.0;100;0.0;0.0;0.0;0.0;0.0;1.0;10000;51.60470000000001;174.45512059999973;10.246950765959598;105;0.0;0.0;0.0;0.0;0.0;1.0;10000;53.581300000000006;173.81225015000038;9.848857801796104;97;0.0;0.0;0.0;0.0;0.0;1.0;10000;71.1057;173.2113132499996;10.677078252031311;114;0.0;0.0;0.0;0.0;0.0;1.0;10000;51.8322;176.72270077499996;10.246950765959598;105;0.0;0.0;0.0;0.0;0.0;1.0;10000;65.218;175.97764227499985;9.899494936611665;98;0.0;0.0;0.0;0.0;0.0;1.0;10000;44.412200000000006;174.32749239999995;10.198039027185569;104;0.0;0.0;0.0;0.0;0.0;1.0;10000;52.552000000000014;175.3472714500002;9.486832980505138;90;0.0;0.0;0.0;0.0;0.0;1.0;10000;54.1205;175.10426372499975;10.488088481701515;110;0.0;0.0;0.0;0.0;0.0;1.0;174.82502422249996;57.756060000000005;44.412200000000006
10000;55.2758;174.7997953500004;10.295630140987;106;0.0;0.0;0.0;0.0;0.0;1.0;10000;62.34349999999999;175.24442249999947;9.695359714832659;94;0.0;0.0;0.0;0.0;0.0;1.0;10000;67.33739999999999;173.90142747499968;10.535653752852738;111;0.0;0.0;0.0;0.0;0.0;1.0;10000;60.2088;174.49324190000004;9.848857801796104;97;0.0;0.0;0.0;0.0;0.0;1.0;10000;62.9934;174.88462652499962;10.04987562112089;101;0.0;0.0;0.0;0.0;0.0;1.0;10000;61.000499999999995;174.50728770000015;9.9498743710662;99;0.0;0.0;0.0;0.0;0.0;1.0;10000;69.53339999999999;174.56048624999968;9.1104335791443;83;0.0;0.0;0.0;0.0;0.0;1.0;10000;59.84309999999999;174.78949612499989;10.0;100;0.0;0.0;0.0;0.0;0.0;1.0;10000;66.53209999999999;174.58707042499995;9.797958971132712;96;0.0;0.0;0.0;0.0;0.0;1.0;10000;63.55929999999999;174.8762043500006;9.848857801796104;97;0.0;0.0;0.0;0.0;0.0;1.0;174.66440585999993;62.862729999999985;55.2758
10000;64.7935;173.94942085000002;10.099504938362077;102;0.0;0.0;0.0;0.0;0.0;1.0;10000;73.1276;174.4311857750003;10.14889156509222;103;0.0;0.0;0.0;0.0;0.0;1.0;10000;66.6188;175.3046366750005;9.486832980505138;90;0.0;0.0;0.0;0.0;0.0;1.0;10000;50.41910000000001;174.59359192499974;9.695359714832659;94;0.0;0.0;0.0;0.0;0.0;1.0;10000;58.318;174.73969562500133;9.591663046625438;92;0.0;0.0;0.0;0.0;0.0;1.0;10000;67.60710000000002;174.0073492499999;10.246950765959598;105;0.0;0.0;0.0;0.0;0.0;1.0;10000;61.68240000000001;175.00556299999968;9.539392014169456;91;0.0;0.0;0.0;0.0;0.0;1.0;10000;67.5866;175.35857212500022;10.14889156509222;103;0.0;0.0;0.0;0.0;0.0;1.0;10000;73.3416;174.71147459999952;9.746794344808963;95;0.0;0.0;0.0;0.0;0.0;1.0;10000;68.35040000000001;174.39168757500022;9.643650760992955;93;0.0;0.0;0.0;0.0;0.0;1.0;174.64931774000016;65.18451;50.41910000000001
10000;66.9071;173.71916547500004;9.486832980505138;90;0.0;0.0;0.0;0.0;0.0;1.0;10000;61.55619999999999;174.32565595000005;10.198039027185569;104;0.0;0.0;0.0;0.0;0.0;1.0;10000;61.1321;173.91578897499974;9.797958971132712;96;0.0;0.0;0.0;0.0;0.0;1.0;10000;53.3369;174.33130775000004;10.0;100;0.0;0.0;0.0;0.0;0.0;1.0;10000;67.9461;174.5022326999998;9.539392014169456;91;0.0;0.0;0.0;0.0;0.0;1.0;10000;70.93950000000001;174.53162217499994;10.099504938362077;102;0.0;0.0;0.0;0.0;0.0;1.0;10000;56.00289999999999;174.5917971749998;9.797958971132712;96;0.0;0.0;0.0;0.0;0.0;1.0;10000;65.2054;174.45294747499935;10.04987562112089;101;0.0;0.0;0.0;0.0;0.0;1.0;10000;68.02250000000002;174.35185714999943;9.9498743710662;99;0.0;0.0;0.0;0.0;0.0;1.0;10000;46.68360000000001;174.05005349999976;9.695359714832659;94;0.0;0.0;0.0;0.0;0.0;1.0;174.2772428324998;61.77323000000001;46.68360000000001
10000;63.2803;175.41731877500013;10.14889156509222;103;0.0;0.0;0.0;0.0;0.0;1.0;10000;52.92130000000001;175.11606904999968;9.848857801796104;97;0.0;0.0;0.0;0.0;0.0;1.0;10000;57.885200000000005;175.28655047499967;9.591663046625438;92;0.0;0.0;0.0;0.0;0.0;1.0;10000;58.616399999999985;174.90670242499976;9.219544457292887;85;0.0;0.0;0.0;0.0;0.0;1.0;10000;61.333200000000005;174.63694674999974;9.899494936611665;98;0.0;0.0;0.0;0.0;0.0;1.0;10000;71.75520000000002;175.69795439999984;10.246950765959598;105;0.0;0.0;0.0;0.0;0.0;1.0;10000;69.188;173.6860905499999;9.9498743710662;99;0.0;0.0;0.0;0.0;0.0;1.0;10000;56.811699999999995;173.65446375;9.848857801796104;97;0.0;0.0;0.0;0.0;0.0;1.0;10000;69.9446;175.93966752499966;9.797958971132712;96;0.0;0.0;0.0;0.0;0.0;1.0;10000;54.1967;175.14901194999962;10.099504938362077;102;0.0;0.0;0.0;0.0;0.0;1.0;174.9490775649998;61.59325999999999;52.92130000000001
10000;54.041399999999996;174.59374232499977;10.246950765959598;105;0.0;0.0;0.0;0.0;0.0;1.0;10000;50.8269;175.6355068250004;9.797958971132712;96;0.0;0.0;0.0;0.0;0.0;1.0;10000;69.34500000000001;174.4839051749997;9.848857801796104;97;0.0;0.0;0.0;0.0;0.0;1.0;10000;57.73460000000001;174.8674310750002;9.9498743710662;99;0.0;0.0;0.0;0.0;0.0;1.0;10000;65.1037;174.12689012499976;9.433981132056603;89;0.0;0.0;0.0;0.0;0.0;1.0;10000;72.0792;174.04440337500026;10.14889156509222;103;0.0;0.0;0.0;0.0;0.0;1.0;10000;47.813;174.59451137499985;9.9498743710662;99;0.0;0.0;0.0;0.0;0.0;1.0;10000;53.177299999999995;173.79669602500013;10.63014581273465;113;0.0;0.0;0.0;0.0;0.0;1.0;10000;62.66630000000001;175.76772717499983;10.04987562112089;101;0.0;0.0;0.0;0.0;0.0;1.0;10000;63.18849999999999;174.28120414999933;9.746794344808963;95;0.0;0.0;0.0;0.0;0.0;1.0;174.61920176249993;59.597590000000004;47.813
10000;70.1973;174.8027967000005;10.0;100;0.0;0.0;0.0;0.0;0.0;1.0;10000;68.1993;175.25005185;9.695359714832659;94;0.0;0.0;0.0;0.0;0.0;1.0;10000;49.090399999999995;175.35647080000044;10.04987562112089;101;0.0;0.0;0.0;0.0;0.0;1.0;10000;60.2051;176.0602755999997;9.486832980505138;90;0.0;0.0;0.0;0.0;0.0;1.0;10000;57.857100000000024;174.44537364999977;9.643650760992955;93;0.0;0.0;0.0;0.0;0.0;1.0;10000;71.641;175.05767805000002;10.535653752852738;111;0.0;0.0;0.0;0.0;0.0;1.0;10000;39.4548;175.57761604999982;9.643650760992955;93;0.0;0.0;0.0;0.0;0.0;1.0;10000;67.8904;174.72714437499994;10.246950765959598;105;0.0;0.0;0.0;0.0;0.0;1.0;10000;68.72829999999998;175.6111743999997;9.746794344808963;95;0.0;0.0;0.0;0.0;0.0;1.0;10000;72.80019999999999;175.61003967500005;9.848857801796104;97;0.0;0.0;0.0;0.0;0.0;1.0;175.24986211499998;62.60639;39.4548
10000;55.2099;174.08679714999974;10.14889156509222;103;0.0;0.0;0.0;0.0;0.0;1.0;10000;66.9904;174.96873725000023;9.695359714832659;94;0.0;0.0;0.0;0.0;0.0;1.0;10000;58.298500000000004;174.26482097500053;9.695359714832659;94;0.0;0.0;0.0;0.0;0.0;1.0;10000;64.4724;174.7793975999999;9.9498743710662;99;0.0;0.0;0.0;0.0;0.0;1.0;10000;62.0011;174.48050962499926;10.04987562112089;101;0.0;0.0;0.0;0.0;0.0;1.0;10000;52.9609;174.81833584999947;9.746794344808963;95;0.0;0.0;0.0;0.0;0.0;1.0;10000;67.5949;175.7631011499999;10.344080432788601;107;0.0;0.0;0.0;0.0;0.0;1.0;10000;68.50480000000002;175.08983560000019;10.198039027185569;104;0.0;0.0;0.0;0.0;0.0;1.0;10000;57.1752;175.58092689999964;9.9498743710662;99;0.0;0.0;0.0;0.0;0.0;1.0;10000;56.11019999999999;174.76305090000008;9.695359714832659;94;0.0;0.0;0.0;0.0;0.0;1.0;174.85955129999988;60.931830000000005;52.9609
10000;59.0451;174.6395098500002;9.695359714832659;94;0.0;0.0;0.0;0.0;0.0;1.0;10000;71.5485;175.41233522499965;9.746794344808963;95;0.0;0.0;0.0;0.0;0.0;1.0;10000;63.473499999999994;175.18409347499974;10.198039027185569;104;0.0;0.0;0.0;0.0;0.0;1.0;10000;70.18510000000002;176.3397572499997;9.9498743710662;99;0.0;0.0;0.0;0.0;0.0;1.0;10000;67.1457;174.43648335000032;10.392304845413264;108;0.0;0.0;0.0;0.0;0.0;1.0;10000;63.651700000000005;174.3920656749999;10.246950765959598;105;0.0;0.0;0.0;0.0;0.0;1.0;10000;67.01559999999998;173.885973125;10.14889156509222;103;0.0;0.0;0.0;0.0;0.0;1.0;10000;65.1403;172.99794800000015;10.198039027185569;104;0.0;0.0;0.0;0.0;0.0;1.0;10000;53.151599999999995;174.8995636749997;9.9498743710662;99;0.0;0.0;0.0;0.0;0.0;1.0;10000;52.54760000000002;173.84204687500008;9.643650760992955;93;0.0;0.0;0.0;0.0;0.0;1.0;174.60297764999993;63.290470000000006;52.54760000000002
10000;61.757400000000004;174.5356866000005;9.797958971132712;96;0.0;0.0;0.0;0.0;0.0;1.0;10000;52.43169999999999;175.64768745000015;9.848857801796104;97;0.0;0.0;0.0;0.0;0.0;1.0;10000;57.656699999999994;174.73319790000048;10.63014581273465;113;0.0;0.0;0.0;0.0;0.0;1.0;10000;62.5398;174.97759372500036;9.433981132056603;89;0.0;0.0;0.0;0.0;0.0;1.0;10000;69.6287;175.24014920000013;9.848857801796104;97;0.0;0.0;0.0;0.0;0.0;1.0;10000;52.92610000000001;175.26945915000027;9.746794344808963;95;0.0;0.0;0.0;0.0;0.0;1.0;10000;54.841499999999996;174.7679971500001;10.0;100;0.0;0.0;0.0;0.0;0.0;1.0;10000;52.7362;175.53709745000037;9.848857801796104;97;0.0;0.0;0.0;0.0;0.0;1.0;10000;48.125299999999996;174.82570924999993;9.9498743710662;99;0.0;0.0;0.0;0.0;0.0;1.0;10000;68.97179999999999;174.58917120000015;10.246950765959598;105;0.0;0.0;0.0;0.0;0.0;1.0;175.01237490750026;58.16152000000001;48.125299999999996
10000;57.12029999999999;174.89934890000035;9.797958971132712;96;0.0;0.0;0.0;0.0;0.0;1.0;10000;65.3814;174.34846697500012;10.0;100;0.0;0.0;0.0;0.0;0.0;1.0;10000;63.3847;174.99162772499963;10.392304845413264;108;0.0;0.0;0.0;0.0;0.0;1.0;10000;61.471900000000005;174.10139022500107;9.848857801796104;97;0.0;0.0;0.0;0.0;0.0;1.0;10000;61.7713;175.39156307499985;10.488088481701515;110;0.0;0.0;0.0;0.0;0.0;1.0;10000;67.72409999999999;175.4175679750002;10.04987562112089;101;0.0;0.0;0.0;0.0;0.0;1.0;10000;65.3307;173.38135577499992;10.14889156509222;103;0.0;0.0;0.0;0.0;0.0;1.0;10000;56.7517;174.1123987249991;9.643650760992955;93;0.0;0.0;0.0;0.0;0.0;1.0;10000;60.0455;174.563708875;10.0;100;0.0;0.0;0.0;0.0;0.0;1.0;10000;74.44059999999999;174.63319167499967;10.04987562112089;101;0.0;0.0;0.0;0.0;0.0;1.0;174.58406199249998;63.34222;56.7517
10000;75.61009999999999;174.5128886;10.392304845413264;108;0.0;0.0;0.0;0.0;0.0;1.0;10000;69.19420000000001;175.1714839749999;10.246950765959598;105;0.0;0.0;0.0;0.0;0.0;1.0;10000;49.8326;173.97205312500049;9.899494936611665;98;0.0;0.0;0.0;0.0;0.0;1.0;10000;64.24520000000001;174.36772015000008;10.04987562112089;101;0.0;0.0;0.0;0.0;0.0;1.0;10000;56.446400000000004;174.96909232499982;9.899494936611665;98;0.0;0.0;0.0;0.0;0.0;1.0;10000;62.056999999999995;174.94161052499967;9.9498743710662;99;0.0;0.0;0.0;0.0;0.0;1.0;10000;70.6875;174.75222852499965;10.295630140987;106;0.0;0.0;0.0;0.0;0.0;1.0;10000;67.36120000000001;175.00414932499973;10.0;100;0.0;0.0;0.0;0.0;0.0;1.0;10000;60.28769999999999;174.92198304999968;9.848857801796104;97;0.0;0.0;0.0;0.0;0.0;1.0;10000;67.46919999999999;174.40676909999996;10.14889156509222;103;0.0;0.0;0.0;0.0;0.0;1.0;174.70199786999993;64.31911;49.8326
10000;67.01739999999998;175.23599484999994;9.899494936611665;98;0.0;0.0;0.0;0.0;0.0;1.0;10000;60.4744;174.14077157500043;9.797958971132712;96;0.0;0.0;0.0;0.0;0.0;1.0;10000;77.2699;173.88264320000005;10.295630140987;106;0.0;0.0;0.0;0.0;0.0;1.0;10000;66.9605;173.6371012499998;10.099504938362077;102;0.0;0.0;0.0;0.0;0.0;1.0;10000;50.97089999999999;174.7281161249997;10.723805294763608;115;0.0;0.0;0.0;0.0;0.0;1.0;10000;68.68109999999999;174.0943574249997;9.746794344808963;95;0.0;0.0;0.0;0.0;0.0;1.0;10000;62.07339999999999;175.52372834999966;10.246950765959598;105;0.0;0.0;0.0;0.0;0.0;1.0;10000;69.4378;174.44362464999998;10.246950765959598;105;0.0;0.0;0.0;0.0;0.0;1.0;10000;71.2506;174.46869039999993;9.848857801796104;97;0.0;0.0;0.0;0.0;0.0;1.0;10000;61.74739999999999;174.87923017499966;10.0;100;0.0;0.0;0.0;0.0;0.0;1.0;174.5034257999999;65.58833999999999;50.97089999999999
10000;58.22060000000001;174.64032834999986;9.899494936611665;98;0.0;0.0;0.0;0.0;0.0;1.0;10000;58.1145;174.5042048249996;9.848857801796104;97;0.0;0.0;0.0;0.0;0.0;1.0;10000;64.28;174.906204525;9.848857801796104;97;0.0;0.0;0.0;0.0;0.0;1.0;10000;59.5381;174.29008167499987;9.848857801796104;97;0.0;0.0;0.0;0.0;0.0;1.0;10000;60.2755;175.1459593999999;10.099504938362077;102;0.0;0.0;0.0;0.0;0.0;1.0;10000;69.68249999999999;175.55250490000026;10.246950765959598;105;0.0;0.0;0.0;0.0;0.0;1.0;10000;60.7689;175.67083725000072;9.797958971132712;96;0.0;0.0;0.0;0.0;0.0;1.0;10000;63.844399999999986;173.77370180000034;10.246950765959598;105;0.0;0.0;0.0;0.0;0.0;1.0;10000;65.98020000000001;174.02394179999993;10.14889156509222;103;0.0;0.0;0.0;0.0;0.0;1.0;10000;70.8049;175.22984959999997;9.591663046625438;92;0.0;0.0;0.0;0.0;0.0;1.0;174.77376141250002;63.15096000000001;58.1145
10000;66.8477;174.68998445000014;9.746794344808963;95;0.0;0.0;0.0;0.0;0.0;1.0;10000;59.1199;174.5486060000001;10.099504938362077;102;0.0;0.0;0.0;0.0;0.0;1.0;10000;66.72980000000001;174.43818125000007;9.9498743710662;99;0.0;0.0;0.0;0.0;0.0;1.0;10000;71.44899999999998;174.67526785000013;9.848857801796104;97;0.0;0.0;0.0;0.0;0.0;1.0;10000;71.3039;174.6752832250001;9.9498743710662;99;0.0;0.0;0.0;0.0;0.0;1.0;10000;58.962500000000006;174.30364767500004;10.0;100;0.0;0.0;0.0;0.0;0.0;1.0;10000;72.60470000000001;174.92642180000044;10.14889156509222;103;0.0;0.0;0.0;0.0;0.0;1.0;10000;57.840999999999994;175.08560795000008;10.535653752852738;111;0.0;0.0;0.0;0.0;0.0;1.0;10000;65.59680000000002;173.59196484999995;10.535653752852738;111;0.0;0.0;0.0;0.0;0.0;1.0;10000;52.84460000000001;174.21177892499992;10.44030650891055;109;0.0;0.0;0.0;0.0;0.0;1.0;174.5146743975001;64.32999;52.84460000000001
10000;61.6548;174.85306382499988;9.539392014169456;91;0.0;0.0;0.0;0.0;0.0;1.0;10000;64.3381;175.1396832499999;9.9498743710662;99;0.0;0.0;0.0;0.0;0.0;1.0;10000;66.3321;174.75470925000013;10.099504938362077;102;0.0;0.0;0.0;0.0;0.0;1.0;10000;71.44529999999999;174.8438725000004;9.433981132056603;89;0.0;0.0;0.0;0.0;0.0;1.0;10000;55.574;174.6641210499998;9.848857801796104;97;0.0;0.0;0.0;0.0;0.0;1.0;10000;58.21909999999999;175.3521337249995;10.04987562112089;101;0.0;0.0;0.0;0.0;0.0;1.0;10000;51.214499999999994;174.3330628499998;9.273618495495704;86;0.0;0.0;0.0;0.0;0.0;1.0;10000;68.733;174.78348779999956;9.9498743710662;99;0.0;0.0;0.0;0.0;0.0;1.0;10000;48.6896;175.1950373500006;10.14889156509222;103;0.0;0.0;0.0;0.0;0.0;1.0;10000;64.4624;173.69689587500008;9.848857801796104;97;0.0;0.0;0.0;0.0;0.0;1.0;174.7616067475;61.066289999999995;48.6896
10000;69.94549999999998;174.4700899749997;9.797958971132712;96;0.0;0.0;0.0;0.0;0.0;1.0;10000;65.14489999999999;174.49649442499995;10.295630140987;106;0.0;0.0;0.0;0.0;0.0;1.0;10000;69.34259999999999;174.6610281250001;10.099504938362077;102;0.0;0.0;0.0;0.0;0.0;1.0;10000;45.851800000000004;175.6823660999993;10.0;100;0.0;0.0;0.0;0.0;0.0;1.0;10000;51.2654;174.66141554999953;10.0;100;0.0;0.0;0.0;0.0;0.0;1.0;10000;58.6689;174.71419374999977;9.433981132056603;89;0.0;0.0;0.0;0.0;0.0;1.0;10000;58.053599999999996;175.14829939999964;10.099504938362077;102;0.0;0.0;0.0;0.0;0.0;1.0;10000;69.76610000000001;175.635097475;9.797958971132712;96;0.0;0.0;0.0;0.0;0.0;1.0;10000;62.1375;175.01624815000005;10.14889156509222;103;0.0;0.0;0.0;0.0;0.0;1.0;10000;73.1744;174.29490970000063;10.198039027185569;104;0.0;0.0;0.0;0.0;0.0;1.0;174.87801426499988;62.33507000000001;45.851800000000004
10000;45.465700000000005;174.05153497499984;9.591663046625438;92;0.0;0.0;0.0;0.0;0.0;1.0;10000;53.1956;175.32844780000067;9.9498743710662;99;0.0;0.0;0.0;0.0;0.0;1.0;10000;59.48469999999999;174.51620217499993;10.0;100;0.0;0.0;0.0;0.0;0.0;1.0;10000;61.24290000000001;175.20542372499986;9.746794344808963;95;0.0;0.0;0.0;0.0;0.0;1.0;10000;59.94920000000002;175.6745437750002;9.899494936611665;98;0.0;0.0;0.0;0.0;0.0;1.0;10000;73.17549999999999;174.4373538499998;9.899494936611665;98;0.0;0.0;0.0;0.0;0.0;1.0;10000;41.4829;174.8002908749999;10.246950765959598;105;0.0;0.0;0.0;0.0;0.0;1.0;10000;66.2412;174.19005865000003;10.44030650891055;109;0.0;0.0;0.0;0.0;0.0;1.0;10000;53.31380000000001;174.6716476749997;10.246950765959598;105;0.0;0.0;0.0;0.0;0.0;1.0;10000;67.0555;174.73269337500054;10.392304845413264;108;0.0;0.0;0.0;0.0;0.0;1.0;174.76081968750003;58.0607;41.4829
10000;62.059500000000014;174.74471862499976;10.099504938362077;102;0.0;0.0;0.0;0.0;0.0;1.0;10000;49.21580000000001;175.17399627500052;9.797958971132712;96;0.0;0.0;0.0;0.0;0.0;1.0;10000;66.4947;175.3945355;9.848857801796104;97;0.0;0.0;0.0;0.0;0.0;1.0;10000;72.9151;174.31861237499996;9.591663046625438;92;0.0;0.0;0.0;0.0;0.0;1.0;10000;69.63130000000001;174.38356517500029;10.198039027185569;104;0.0;0.0;0.0;0.0;0.0;1.0;10000;68.6118;174.9775426000005;10.0;100;0.0;0.0;0.0;0.0;0.0;1.0;10000;60.8123;174.3054004000002;10.583005244258363;112;0.0;0.0;0.0;0.0;0.0;1.0;10000;63.66049999999999;174.27891089999983;10.723805294763608;115;0.0;0.0;0.0;0.0;0.0;1.0;10000;60.3471;175.0043170499999;10.535653752852738;111;0.0;0.0;0.0;0.0;0.0;1.0;10000;64.23289999999999;174.9252836250002;10.295630140987;106;0.0;0.0;0.0;0.0;0.0;1.0;174.7506882525001;63.7981;49.21580000000001
10000;41.9178;174.5549588250001;9.797958971132712;96;0.0;0.0;0.0;0.0;0.0;1.0;10000;72.9103;174.7022900250003;10.0;100;0.0;0.0;0.0;0.0;0.0;1.0;10000;61.73259999999999;174.4559979250003;9.848857801796104;97;0.0;0.0;0.0;0.0;0.0;1.0;10000;64.17229999999998;174.40881067499993;10.14889156509222;103;0.0;0.0;0.0;0.0;0.0;1.0;10000;73.6129;175.0580313249997;9.695359714832659;94;0.0;0.0;0.0;0.0;0.0;1.0;10000;65.8115;174.3841161000004;9.746794344808963;95;0.0;0.0;0.0;0.0;0.0;1.0;10000;63.47520000000001;175.7907916;10.295630140987;106;0.0;0.0;0.0;0.0;0.0;1.0;10000;75.7573;174.88000640000013;10.14889156509222;103;0.0;0.0;0.0;0.0;0.0;1.0;10000;58.87060000000001;174.64404472500036;10.099504938362077;102;0.0;0.0;0.0;0.0;0.0;1.0;10000;70.90709999999999;175.38169052500047;10.295630140987;106;0.0;0.0;0.0;0.0;0.0;1.0;174.82607381250017;64.91676;41.9178
10000;67.02220000000001;175.73024790000008;10.392304845413264;108;0.0;0.0;0.0;0.0;0.0;1.0;10000;60.1237;174.03425890000025;9.486832980505138;90;0.0;0.0;0.0;0.0;0.0;1.0;10000;61.593999999999994;174.3982923750006;10.246950765959598;105;0.0;0.0;0.0;0.0;0.0;1.0;10000;64.19649999999999;174.91876985000027;9.746794344808963;95;0.0;0.0;0.0;0.0;0.0;1.0;10000;53.82709999999999;174.34831157500042;10.198039027185569;104;0.0;0.0;0.0;0.0;0.0;1.0;10000;44.3936;174.5610742500001;10.295630140987;106;0.0;0.0;0.0;0.0;0.0;1.0;10000;69.1395;174.4961001499999;10.04987562112089;101;0.0;0.0;0.0;0.0;0.0;1.0;10000;71.41499999999999;175.42946809999998;10.246950765959598;105;0.0;0.0;0.0;0.0;0.0;1.0;10000;52.291599999999995;174.0129826250001;9.899494936611665;98;0.0;0.0;0.0;0.0;0.0;1.0;10000;59.9904;174.50783889999988;9.797958971132712;96;0.0;0.0;0.0;0.0;0.0;1.0;174.64373446250016;60.39936;44.3936
10000;71.3359;174.4186788249998;10.246950765959598;105;0.0;0.0;0.0;0.0;0.0;1.0;10000;60.041500000000006;174.67488249999954;9.848857801796104;97;0.0;0.0;0.0;0.0;0.0;1.0;10000;72.32690000000001;174.42711537499974;10.0;100;0.0;0.0;0.0;0.0;0.0;1.0;10000;69.51329999999999;175.04389655000045;10.099504938362077;102;0.0;0.0;0.0;0.0;0.0;1.0;10000;48.0859;175.34874947500018;9.797958971132712;96;0.0;0.0;0.0;0.0;0.0;1.0;10000;52.4527;174.62862129999957;9.9498743710662;99;0.0;0.0;0.0;0.0;0.0;1.0;10000;42.437900000000006;174.29343382499985;10.246950765959598;105;0.0;0.0;0.0;0.0;0.0;1.0;10000;70.41650000000001;175.0070988249999;10.198039027185569;104;0.0;0.0;0.0;0.0;0.0;1.0;10000;69.81070000000001;175.0376076499999;9.746794344808963;95;0.0;0.0;0.0;0.0;0.0;1.0;10000;58.19569999999998;175.38776272500036;10.295630140987;106;0.0;0.0;0.0;0.0;0.0;1.0;174.82678470499994;61.46169999999999;42.437900000000006
10000;75.35239999999999;174.7615652750004;10.14889156509222;103;0.0;0.0;0.0;0.0;0.0;1.0;10000;65.16129999999998;174.68693747500012;9.848857801796104;97;0.0;0.0;0.0;0.0;0.0;1.0;10000;53.464;174.44529725000044;9.643650760992955;93;0.0;0.0;0.0;0.0;0.0;1.0;10000;63.5077;174.19896300000025;10.198039027185569;104;0.0;0.0;0.0;0.0;0.0;1.0;10000;71.19370000000002;173.9708805000003;9.695359714832659;94;0.0;0.0;0.0;0.0;0.0;1.0;10000;71.03790000000001;174.65628942500024;9.643650760992955;93;0.0;0.0;0.0;0.0;0.0;1.0;10000;66.9758;175.71496365;9.695359714832659;94;0.0;0.0;0.0;0.0;0.0;1.0;10000;60.91129999999999;174.1544839500005;10.44030650891055;109;0.0;0.0;0.0;0.0;0.0;1.0;10000;60.0771;175.2005119999995;10.344080432788601;107;0.0;0.0;0.0;0.0;0.0;1.0;10000;70.9664;174.96541365000024;9.797958971132712;96;0.0;0.0;0.0;0.0;0.0;1.0;174.67553061750021;65.86476;53.464
10000;76.23910000000001;173.64769997499982;10.099504938362077;102;0.0;0.0;0.0;0.0;0.0;1.0;10000;53.8685;174.77278255000073;10.488088481701515;110;0.0;0.0;0.0;0.0;0.0;1.0;10000;60.79160000000001;173.79155962500008;10.246950765959598;105;0.0;0.0;0.0;0.0;0.0;1.0;10000;65.22869999999999;174.18833917500027;10.04987562112089;101;0.0;0.0;0.0;0.0;0.0;1.0;10000;63.47609999999999;174.66571922499978;9.273618495495704;86;0.0;0.0;0.0;0.0;0.0;1.0;10000;70.5275;174.95234904999995;9.797958971132712;96;0.0;0.0;0.0;0.0;0.0;1.0;10000;57.722199999999994;174.48240785000024;10.344080432788601;107;0.0;0.0;0.0;0.0;0.0;1.0;10000;44.923300000000005;174.15509035000017;9.539392014169456;91;0.0;0.0;0.0;0.0;0.0;1.0;10000;68.57979999999998;174.29166964999965;10.246950765959598;105;0.0;0.0;0.0;0.0;0.0;1.0;10000;49.5358;174.53336867499976;9.486832980505138;90;0.0;0.0;0.0;0.0;0.0;1.0;174.34809861250005;61.08925999999999;44.923300000000005
10000;59.90879999999999;174.33378000000036;9.899494936611665;98;0.0;0.0;0.0;0.0;0.0;1.0;10000;53.00659999999999;174.21770612499955;9.899494936611665;98;0.0;0.0;0.0;0.0;0.0;1.0;10000;74.29050000000002;174.23191032500023;10.099504938362077;102;0.0;0.0;0.0;0.0;0.0;1.0;10000;64.3848;174.6120743749997;11.135528725660043;124;0.0;0.0;0.0;0.0;0.0;1.0;10000;68.07209999999999;174.05274799999995;10.198039027185569;104;0.0;0.0;0.0;0.0;0.0;1.0;10000;60.1342;174.664198725;10.198039027185569;104;0.0;0.0;0.0;0.0;0.0;1.0;10000;59.86760000000001;175.26622770000023;9.797958971132712;96;0.0;0.0;0.0;0.0;0.0;1.0;10000;46.6947;174.88602122499947;10.295630140987;106;0.0;0.0;0.0;0.0;0.0;1.0;10000;66.1608;174.61972142499954;10.246950765959598;105;0.0;0.0;0.0;0.0;0.0;1.0;10000;67.19189999999998;174.98687827499995;10.198039027185569;104;0.0;0.0;0.0;0.0;0.0;1.0;174.5871266174999;61.971199999999996;46.6947
10000;70.74159999999999;174.3094302750004;10.14889156509222;103;0.0;0.0;0.0;0.0;0.0;1.0;10000;65.02699999999999;174.9965594499997;10.04987562112089;101;0.0;0.0;0.0;0.0;0.0;1.0;10000;72.00250000000001;174.17224889999946;9.327379053088816;87;0.0;0.0;0.0;0.0;0.0;1.0;10000;60.2578;175.28320075000028;9.9498743710662;99;0.0;0.0;0.0;0.0;0.0;1.0;10000;70.75550000000001;175.06443042499993;10.677078252031311;114;0.0;0.0;0.0;0.0;0.0;1.0;10000;60.74759999999999;174.88123419999957;9.848857801796104;97;0.0;0.0;0.0;0.0;0.0;1.0;10000;60.94;173.92478092500016;10.04987562112089;101;0.0;0.0;0.0;0.0;0.0;1.0;10000;59.798300000000005;174.9633337499999;10.14889156509222;103;0.0;0.0;0.0;0.0;0.0;1.0;10000;55.9494;173.67297110000072;9.848857801796104;97;0.0;0.0;0.0;0.0;0.0;1.0;10000;59.6614;174.48282927499994;9.899494936611665;98;0.0;0.0;0.0;0.0;0.0;1.0;174.57510190500003;63.58810999999999;55.9494
10000;67.14380000000001;174.2484746999997;9.486832980505138;90;0.0;0.0;0.0;0.0;0.0;1.0;10000;62.810599999999994;175.11638707500026;9.327379053088816;87;0.0;0.0;0.0;0.0;0.0;1.0;10000;55.6576;175.5403165750003;9.899494936611665;98;0.0;0.0;0.0;0.0;0.0;1.0;10000;46.6187;175.03210154999934;9.38083151964686;88;0.0;0.0;0.0;0.0;0.0;1.0;10000;68.71900000000001;174.23302582500028;10.295630140987;106;0.0;0.0;0.0;0.0;0.0;1.0;10000;44.9225;174.2005883000002;9.848857801796104;97;0.0;0.0;0.0;0.0;0.0;1.0;10000;65.9752;175.14513432499976;9.643650760992955;93;0.0;0.0;0.0;0.0;0.0;1.0;10000;60.610800000000005;174.7125490249997;10.0;100;0.0;0.0;0.0;0.0;0.0;1.0;10000;67.5675;175.42263215000008;9.539392014169456;91;0.0;0.0;0.0;0.0;0.0;1.0;10000;69.7886;174.47154689999996;10.344080432788601;107;0.0;0.0;0.0;0.0;0.0;1.0;174.81227564249997;60.98142999999999;44.9225
10000;63.756899999999995;174.7204902749998;10.488088481701515;110;0.0;0.0;0.0;0.0;0.0;1.0;10000;59.6126;174.10688197500008;10.535653752852738;111;0.0;0.0;0.0;0.0;0.0;1.0;10000;67.3145;175.06660752499988;9.591663046625438;92;0.0;0.0;0.0;0.0;0.0;1.0;10000;51.2196;174.62524547500013;9.746794344808963;95;0.0;0.0;0.0;0.0;0.0;1.0;10000;63.074299999999994;175.98402014999942;10.099504938362077;102;0.0;0.0;0.0;0.0;0.0;1.0;10000;72.77199999999999;174.75167022499974;9.848857801796104;97;0.0;0.0;0.0;0.0;0.0;1.0;10000;71.23749999999998;173.69634399999978;9.797958971132712;96;0.0;0.0;0.0;0.0;0.0;1.0;10000;66.6959;175.35925965000075;10.198039027185569;104;0.0;0.0;0.0;0.0;0.0;1.0;10000;66.64350000000002;174.49563524999982;10.198039027185569;104;0.0;0.0;0.0;0.0;0.0;1.0;10000;71.66600000000001;174.45599959999987;10.198039027185569;104;0.0;0.0;0.0;0.0;0.0;1.0;174.72621541249993;65.39928;51.2196
10000;63.143600000000006;174.6719431499996;10.0;100;0.0;0.0;0.0;0.0;0.0;1.0;10000;74.9785;175.11241704999992;9.848857801796104;97;0.0;0.0;0.0;0.0;0.0;1.0;10000;50.8096;175.0531521250001;9.9498743710662;99;0.0;0.0;0.0;0.0;0.0;1.0;10000;61.4109;174.57098262499986;9.899494936611665;98;0.0;0.0;0.0;0.0;0.0;1.0;10000;67.0679;175.9900840999996;9.273618495495704;86;0.0;0.0;0.0;0.0;0.0;1.0;10000;72.98600000000002;175.9798582500002;10.099504938362077;102;0.0;0.0;0.0;0.0;0.0;1.0;10000;61.106300000000005;174.74601492500025;10.246950765959598;105;0.0;0.0;0.0;0.0;0.0;1.0;10000;49.80189999999999;173.70172170000055;9.899494936611665;98;0.0;0.0;0.0;0.0;0.0;1.0;10000;59.777899999999995;175.5182368499999;10.295630140987;106;0.0;0.0;0.0;0.0;0.0;1.0;10000;64.59150000000001;175.50255397499967;10.246950765959598;105;0.0;0.0;0.0;0.0;0.0;1.0;175.08469647499996;62.567409999999995;49.80189999999999
10000;74.3708;175.45368667500014;9.899494936611665;98;0.0;0.0;0.0;0.0;0.0;1.0;10000;63.37050000000001;176.13841427500006;10.44030650891055;109;0.0;0.0;0.0;0.0;0.0;1.0;10000;66.0136;175.06699517500002;10.099504938362077;102;0.0;0.0;0.0;0.0;0.0;1.0;10000;66.6893;174.7763168499998;10.246950765959598;105;0.0;0.0;0.0;0.0;0.0;1.0;10000;71.5331;175.22066112500008;10.344080432788601;107;0.0;0.0;0.0;0.0;0.0;1.0;10000;69.49819999999998;174.74966570000004;10.0;100;0.0;0.0;0.0;0.0;0.0;1.0;10000;58.656400000000005;174.17063117500027;10.488088481701515;110;0.0;0.0;0.0;0.0;0.0;1.0;10000;64.7936;175.23872514999985;10.0;100;0.0;0.0;0.0;0.0;0.0;1.0;10000;62.3953;174.8754732249999;10.44030650891055;109;0.0;0.0;0.0;0.0;0.0;1.0;10000;66.1257;175.16077735000007;10.246950765959598;105;0.0;0.0;0.0;0.0;0.0;1.0;175.08513467000003;66.34465;58.656400000000005
10000;61.797700000000006;174.99368474999983;10.44030650891055;109;0.0;0.0;0.0;0.0;0.0;1.0;10000;68.89349999999999;175.06097840000024;10.723805294763608;115;0.0;0.0;0.0;0.0;0.0;1.0;10000;53.8985;174.3601230999997;10.44030650891055;109;0.0;0.0;0.0;0.0;0.0;1.0;10000;63.119699999999995;174.96140684999975;10.63014581273465;113;0.0;0.0;0.0;0.0;0.0;1.0;10000;45.438399999999994;173.1774555499997;10.295630140987;106;0.0;0.0;0.0;0.0;0.0;1.0;10000;63.500499999999995;175.9536610750001;10.04987562112089;101;0.0;0.0;0.0;0.0;0.0;1.0;10000;77.53759999999998;174.6173109249998;10.099504938362077;102;0.0;0.0;0.0;0.0;0.0;1.0;10000;60.834700000000005;173.99477490000075;10.723805294763608;115;0.0;0.0;0.0;0.0;0.0;1.0;10000;60.7398;174.9226431250002;10.198039027185569;104;0.0;0.0;0.0;0.0;0.0;1.0;10000;67.91929999999999;175.12774519999994;10.63014581273465;113;0.0;0.0;0.0;0.0;0.0;1.0;174.7169783875;62.36796999999999;45.438399999999994
10000;61.847400000000015;174.68428772499982;9.899494936611665;98;0.0;0.0;0.0;0.0;0.0;1.0;10000;73.59760000000001;175.02460744999973;10.295630140987;106;0.0;0.0;0.0;0.0;0.0;1.0;10000;47.3199;174.48489467499948;9.9498743710662;99;0.0;0.0;0.0;0.0;0.0;1.0;10000;56.236999999999995;174.33004355;10.198039027185569;104;0.0;0.0;0.0;0.0;0.0;1.0;10000;65.23429999999999;174.695601175;9.848857801796104;97;0.0;0.0;0.0;0.0;0.0;1.0;10000;59.85419999999999;174.3489208999997;10.392304845413264;108;0.0;0.0;0.0;0.0;0.0;1.0;10000;72.1859;175.80710262499997;10.246950765959598;105;0.0;0.0;0.0;0.0;0.0;1.0;10000;62.9882;175.60668430000007;10.954451150103322;120;0.0;0.0;0.0;0.0;0.0;1.0;10000;76.8651;175.2050790499997;10.344080432788601;107;0.0;0.0;0.0;0.0;0.0;1.0;10000;68.53420000000001;174.28243444999976;10.295630140987;106;0.0;0.0;0.0;0.0;0.0;1.0;174.84696558999983;64.46638;47.3199
10000;55.23750000000001;175.79881372500003;10.908712114635714;119;0.0;0.0;0.0;0.0;0.0;1.0;10000;71.38229999999999;174.81465210000016;10.44030650891055;109;0.0;0.0;0.0;0.0;0.0;1.0;10000;73.56269999999999;175.40756692500028;10.344080432788601;107;0.0;0.0;0.0;0.0;0.0;1.0;10000;63.33560000000003;174.68447742500044;10.770329614269007;116;0.0;0.0;0.0;0.0;0.0;1.0;10000;72.4794;174.92630485000015;10.295630140987;106;0.0;0.0;0.0;0.0;0.0;1.0;10000;65.35019999999999;174.06380417500006;10.770329614269007;116;0.0;0.0;0.0;0.0;0.0;1.0;10000;41.0745;174.9714986499999;10.44030650891055;109;0.0;0.0;0.0;0.0;0.0;1.0;10000;69.43560000000001;174.7335164250008;10.0;100;0.0;0.0;0.0;0.0;0.0;1.0;10000;60.3763;173.75725329999986;11.090536506409418;123;0.0;0.0;0.0;0.0;0.0;1.0;10000;69.34360000000001;174.92576087499978;9.899494936611665;98;0.0;0.0;0.0;0.0;0.0;1.0;174.8083648450001;64.15777;41.0745
10000;68.36970000000001;174.5038278999996;9.539392014169456;91;0.0;0.0;0.0;0.0;0.0;1.0;10000;61.6053;175.4404777;10.344080432788601;107;0.0;0.0;0.0;0.0;0.0;1.0;10000;60.65929999999999;175.0824665499997;10.14889156509222;103;0.0;0.0;0.0;0.0;0.0;1.0;10000;72.351;175.0200947250001;10.0;100;0.0;0.0;0.0;0.0;0.0;1.0;10000;64.76060000000001;174.0654381250002;9.797958971132712;96;0.0;0.0;0.0;0.0;0.0;1.0;10000;47.344899999999996;175.74001727500038;9.643650760992955;93;0.0;0.0;0.0;0.0;0.0;1.0;10000;71.1214;174.55489772499988;10.392304845413264;108;0.0;0.0;0.0;0.0;0.0;1.0;10000;50.6719;174.68320705000005;10.63014581273465;113;0.0;0.0;0.0;0.0;0.0;1.0;10000;66.8922;174.0020896000006;10.295630140987;106;0.0;0.0;0.0;0.0;0.0;1.0;10000;65.13309999999998;175.1947282750001;10.535653752852738;111;0.0;0.0;0.0;0.0;0.0;1.0;174.82872449250004;62.89094;47.344899999999996
10000;74.40780000000001;175.22316467500048;10.295630140987;106;0.0;0.0;0.0;0.0;0.0;1.0;10000;72.8762;175.67173617499964;10.770329614269007;116;0.0;0.0;0.0;0.0;0.0;1.0;10000;72.9374;174.8372818500004;9.899494936611665;98;0.0;0.0;0.0;0.0;0.0;1.0;10000;61.3029;174.84302570000003;10.344080432788601;107;0.0;0.0;0.0;0.0;0.0;1.0;10000;78.84070000000001;174.6136294500003;10.44030650891055;109;0.0;0.0;0.0;0.0;0.0;1.0;10000;48.6315;175.52844862499953;9.9498743710662;99;0.0;0.0;0.0;0.0;0.0;1.0;10000;61.3495;175.00602994999997;10.44030650891055;109;0.0;0.0;0.0;0.0;0.0;1.0;10000;62.77219999999999;174.02321844999992;10.099504938362077;102;0.0;0.0;0.0;0.0;0.0;1.0;10000;62.461600000000004;175.36124502500013;10.392304845413264;108;0.0;0.0;0.0;0.0;0.0;1.0;10000;51.737899999999996;175.56944725000002;10.246950765959598;105;0.0;0.0;0.0;0.0;0.0;1.0;175.067722715;64.73177;48.6315
10000;60.5739;173.95880642499984;10.04987562112089;101;0.0;0.0;0.0;0.0;0.0;1.0;10000;80.1216;175.05785254999964;10.392304845413264;108;0.0;0.0;0.0;0.0;0.0;1.0;10000;53.062999999999995;175.2237946999998;10.295630140987;106;0.0;0.0;0.0;0.0;0.0;1.0;10000;63.249599999999994;175.07897827499966;10.488088481701515;110;0.0;0.0;0.0;0.0;0.0;1.0;10000;57.93870000000001;174.61998437499975;10.723805294763608;115;0.0;0.0;0.0;0.0;0.0;1.0;10000;67.5417;174.05600965000016;10.535653752852738;111;0.0;0.0;0.0;0.0;0.0;1.0;10000;57.632000000000005;174.63309239999992;10.392304845413264;108;0.0;0.0;0.0;0.0;0.0;1.0;10000;63.0902;174.9888447999994;10.0;100;0.0;0.0;0.0;0.0;0.0;1.0;10000;51.156000000000006;175.04948107500033;10.488088481701515;110;0.0;0.0;0.0;0.0;0.0;1.0;10000;75.3807;174.91917515000023;9.746794344808963;95;0.0;0.0;0.0;0.0;0.0;1.0;174.7586019399999;62.97474000000001;51.156000000000006
10000;70.49910000000001;175.4005215749994;10.535653752852738;111;0.0;0.0;0.0;0.0;0.0;1.0;10000;62.9497;174.11445067500026;10.246950765959598;105;0.0;0.0;0.0;0.0;0.0;1.0;10000;66.74450000000002;174.9868946499999;10.723805294763608;115;0.0;0.0;0.0;0.0;0.0;1.0;10000;61.7073;175.78275532499947;10.344080432788601;107;0.0;0.0;0.0;0.0;0.0;1.0;10000;46.129699999999985;175.63127699999998;10.344080432788601;107;0.0;0.0;0.0;0.0;0.0;1.0;10000;61.79910000000001;174.74607059999997;10.344080432788601;107;0.0;0.0;0.0;0.0;0.0;1.0;10000;53.533300000000004;174.50444494999934;11.090536506409418;123;0.0;0.0;0.0;0.0;0.0;1.0;10000;70.25619999999999;176.31551272499993;10.583005244258363;112;0.0;0.0;0.0;0.0;0.0;1.0;10000;58.3542;175.62956112499964;10.099504938362077;102;0.0;0.0;0.0;0.0;0.0;1.0;10000;72.16130000000001;174.88981582499989;10.246950765959598;105;0.0;0.0;0.0;0.0;0.0;1.0;175.2001304449998;62.41344;46.129699999999985
10000;77.5615;174.22001622499968;10.14889156509222;103;0.0;0.0;0.0;0.0;0.0;1.0;10000;73.14399999999999;174.58746162499997;10.488088481701515;110;0.0;0.0;0.0;0.0;0.0;1.0;10000;63.541199999999996;174.95209655;10.295630140987;106;0.0;0.0;0.0;0.0;0.0;1.0;10000;68.86469999999998;175.37244057499953;10.535653752852738;111;0.0;0.0;0.0;0.0;0.0;1.0;10000;48.479900000000015;174.65677539999996;9.9498743710662;99;0.0;0.0;0.0;0.0;0.0;1.0;10000;56.4638;174.41224277500012;10.295630140987;106;0.0;0.0;0.0;0.0;0.0;1.0;10000;64.34689999999999;175.9060109000003;10.04987562112089;101;0.0;0.0;0.0;0.0;0.0;1.0;10000;63.7304;174.54914259999933;10.099504938362077;102;0.0;0.0;0.0;0.0;0.0;1.0;10000;45.886300000000006;174.77952244999977;10.44030650891055;109;0.0;0.0;0.0;0.0;0.0;1.0;10000;47.3223;174.9902441499997;10.816653826391969;117;0.0;0.0;0.0;0.0;0.0;1.0;174.84259532499988;60.9341;45.886300000000006
10000;54.2194;175.5023651249999;10.099504938362077;102;0.0;0.0;0.0;0.0;0.0;1.0;10000;67.5315;174.40413715000034;10.44030650891055;109;0.0;0.0;0.0;0.0;0.0;1.0;10000;73.2873;174.8635064249997;10.723805294763608;115;0.0;0.0;0.0;0.0;0.0;1.0;10000;62.9393;174.71547489999983;10.63014581273465;113;0.0;0.0;0.0;0.0;0.0;1.0;10000;60.52450000000001;175.3590307750002;10.04987562112089;101;0.0;0.0;0.0;0.0;0.0;1.0;10000;53.68220000000001;174.39776005000007;10.770329614269007;116;0.0;0.0;0.0;0.0;0.0;1.0;10000;71.46799999999999;174.60378857500004;10.198039027185569;104;0.0;0.0;0.0;0.0;0.0;1.0;10000;68.1594;175.8879738999997;10.583005244258363;112;0.0;0.0;0.0;0.0;0.0;1.0;10000;74.7048;175.2671838;10.770329614269007;116;0.0;0.0;0.0;0.0;0.0;1.0;10000;70.0987;174.28700679999974;9.848857801796104;97;0.0;0.0;0.0;0.0;0.0;1.0;174.92882274999994;65.66150999999999;53.68220000000001
10000;71.9778;174.58813670000035;10.198039027185569;104;0.0;0.0;0.0;0.0;0.0;1.0;10000;65.7085;174.7920974500006;10.535653752852738;111;0.0;0.0;0.0;0.0;0.0;1.0;10000;66.58530000000002;174.90642817500057;10.246950765959598;105;0.0;0.0;0.0;0.0;0.0;1.0;10000;65.18619999999999;175.20964322499998;10.295630140987;106;0.0;0.0;0.0;0.0;0.0;1.0;10000;65.82590000000002;175.13723890000034;10.14889156509222;103;0.0;0.0;0.0;0.0;0.0;1.0;10000;66.3261;174.39663665;10.344080432788601;107;0.0;0.0;0.0;0.0;0.0;1.0;10000;70.8331;175.6580563499997;10.246950765959598;105;0.0;0.0;0.0;0.0;0.0;1.0;10000;72.1052;174.31745215000024;10.295630140987;106;0.0;0.0;0.0;0.0;0.0;1.0;10000;44.0158;174.55676222499997;10.392304845413264;108;0.0;0.0;0.0;0.0;0.0;1.0;10000;71.16229999999999;175.5416880499997;10.246950765959598;105;0.0;0.0;0.0;0.0;0.0;1.0;174.91041398750014;65.97262;44.0158
10000;72.73689999999999;174.5070897750005;10.816653826391969;117;0.0;0.0;0.0;0.0;0.0;1.0;10000;59.04019999999999;174.7752509750004;10.099504938362077;102;0.0;0.0;0.0;0.0;0.0;1.0;10000;65.3573;174.53731002500007;10.0;100;0.0;0.0;0.0;0.0;0.0;1.0;10000;71.4833;174.3410327000006;10.44030650891055;109;0.0;0.0;0.0;0.0;0.0;1.0;10000;69.55649999999999;174.55577122500034;10.535653752852738;111;0.0;0.0;0.0;0.0;0.0;1.0;10000;68.5336;175.15946812500027;10.392304845413264;108;0.0;0.0;0.0;0.0;0.0;1.0;10000;68.4186;175.3004725999993;9.695359714832659;94;0.0;0.0;0.0;0.0;0.0;1.0;10000;60.9575;174.7112475249999;10.63014581273465;113;0.0;0.0;0.0;0.0;0.0;1.0;10000;57.645300000000006;175.43065630000055;10.04987562112089;101;0.0;0.0;0.0;0.0;0.0;1.0;10000;64.4746;174.62596592499992;10.0;100;0.0;0.0;0.0;0.0;0.0;1.0;174.7944265175002;65.82037999999999;57.645300000000006
10000;49.31099999999999;174.29504104999992;10.295630140987;106;0.0;0.0;0.0;0.0;0.0;1.0;10000;67.43570000000001;174.44213139999954;10.246950765959598;105;0.0;0.0;0.0;0.0;0.0;1.0;10000;69.01930000000002;174.9109898750003;10.344080432788601;107;0.0;0.0;0.0;0.0;0.0;1.0;10000;62.04;175.34099270000004;10.392304845413264;108;0.0;0.0;0.0;0.0;0.0;1.0;10000;63.6423;174.4981862000001;9.848857801796104;97;0.0;0.0;0.0;0.0;0.0;1.0;10000;61.3338;175.12593917500055;10.295630140987;106;0.0;0.0;0.0;0.0;0.0;1.0;10000;64.2986;175.35813889999943;10.099504938362077;102;0.0;0.0;0.0;0.0;0.0;1.0;10000;73.9856;176.0544938999996;10.198039027185569;104;0.0;0.0;0.0;0.0;0.0;1.0;10000;60.6513;175.42513369999978;10.14889156509222;103;0.0;0.0;0.0;0.0;0.0;1.0;10000;73.09410000000001;173.619479775;10.535653752852738;111;0.0;0.0;0.0;0.0;0.0;1.0;174.90705266749993;64.48116999999999;49.31099999999999
10000;67.8242;174.00305152500033;10.392304845413264;108;0.0;0.0;0.0;0.0;0.0;1.0;10000;55.14640000000001;174.13253179999984;10.488088481701515;110;0.0;0.0;0.0;0.0;0.0;1.0;10000;65.28599999999999;174.75162657499945;10.488088481701515;110;0.0;0.0;0.0;0.0;0.0;1.0;10000;67.0584;174.96714717499995;10.198039027185569;104;0.0;0.0;0.0;0.0;0.0;1.0;10000;65.4045;174.78929214999988;10.344080432788601;107;0.0;0.0;0.0;0.0;0.0;1.0;10000;74.70080000000002;175.8145151749998;9.797958971132712;96;0.0;0.0;0.0;0.0;0.0;1.0;10000;53.74929999999999;175.51238777499998;10.344080432788601;107;0.0;0.0;0.0;0.0;0.0;1.0;10000;65.7866;175.5594072000001;10.677078252031311;114;0.0;0.0;0.0;0.0;0.0;1.0;10000;67.145;174.77833782499974;10.770329614269007;116;0.0;0.0;0.0;0.0;0.0;1.0;10000;71.25779999999999;174.74368122500007;10.198039027185569;104;0.0;0.0;0.0;0.0;0.0;1.0;174.90519784249992;65.3359;53.74929999999999
10000;59.3224;175.785786325;10.099504938362077;102;0.0;0.0;0.0;0.0;0.0;1.0;10000;64.64840000000001;175.01968267499987;10.295630140987;106;0.0;0.0;0.0;0.0;0.0;1.0;10000;61.0523;174.65291839999963;10.344080432788601;107;0.0;0.0;0.0;0.0;0.0;1.0;10000;57.96620000000001;175.77150302500036;10.392304845413264;108;0.0;0.0;0.0;0.0;0.0;1.0;10000;62.830799999999996;175.0660776250002;9.38083151964686;88;0.0;0.0;0.0;0.0;0.0;1.0;10000;65.6946;174.81096322499985;10.198039027185569;104;0.0;0.0;0.0;0.0;0.0;1.0;10000;62.503499999999995;175.16220235000026;10.14889156509222;103;0.0;0.0;0.0;0.0;0.0;1.0;10000;58.9207;175.44969234999982;10.908712114635714;119;0.0;0.0;0.0;0.0;0.0;1.0;10000;68.57440000000001;175.29009567499983;10.488088481701515;110;0.0;0.0;0.0;0.0;0.0;1.0;10000;71.1585;173.95156392499985;10.14889156509222;103;0.0;0.0;0.0;0.0;0.0;1.0;175.09604855749996;63.267179999999996;57.96620000000001
10000;41.158300000000004;175.01184557499954;10.14889156509222;103;0.0;0.0;0.0;0.0;0.0;1.0;10000;67.7891;174.42119577499932;9.9498743710662;99;0.0;0.0;0.0;0.0;0.0;1.0;10000;64.67620000000001;175.12904527500007;10.862780491200215;118;0.0;0.0;0.0;0.0;0.0;1.0;10000;57.2821;174.12048592499994;10.908712114635714;119;0.0;0.0;0.0;0.0;0.0;1.0;10000;66.82369999999999;174.41148572500003;10.14889156509222;103;0.0;0.0;0.0;0.0;0.0;1.0;10000;75.0961;176.2100876000004;10.14889156509222;103;0.0;0.0;0.0;0.0;0.0;1.0;10000;51.605500000000006;175.0221412250006;10.04987562112089;101;0.0;0.0;0.0;0.0;0.0;1.0;10000;53.228500000000004;174.55887205000002;10.344080432788601;107;0.0;0.0;0.0;0.0;0.0;1.0;10000;65.7429;175.03809447500018;10.14889156509222;103;0.0;0.0;0.0;0.0;0.0;1.0;10000;61.461099999999995;174.99765079999997;10.14889156509222;103;0.0;0.0;0.0;0.0;0.0;1.0;174.89209044250003;60.48635;41.158300000000004
10000;71.92469999999999;174.62974054999995;10.44030650891055;109;0.0;0.0;0.0;0.0;0.0;1.0;10000;67.6339;174.93450280000079;10.44030650891055;109;0.0;0.0;0.0;0.0;0.0;1.0;10000;66.6069;175.64804110000043;9.9498743710662;99;0.0;0.0;0.0;0.0;0.0;1.0;10000;52.78;174.58491900000044;10.0;100;0.0;0.0;0.0;0.0;0.0;1.0;10000;64.4968;174.7262485750004;10.295630140987;106;0.0;0.0;0.0;0.0;0.0;1.0;10000;68.2893;173.84928259999995;10.816653826391969;117;0.0;0.0;0.0;0.0;0.0;1.0;10000;67.08179999999999;175.011757675;9.38083151964686;88;0.0;0.0;0.0;0.0;0.0;1.0;10000;57.9667;175.07058327499956;10.535653752852738;111;0.0;0.0;0.0;0.0;0.0;1.0;10000;60.165299999999995;175.62395727499992;10.63014581273465;113;0.0;0.0;0.0;0.0;0.0;1.0;10000;62.49140000000001;175.52590870000034;10.295630140987;106;0.0;0.0;0.0;0.0;0.0;1.0;174.96049415500016;63.94367999999999;52.78
10000;56.4761;174.8188929499997;10.723805294763608;115;0.0;0.0;0.0;0.0;0.0;1.0;10000;69.2268;174.06270702500004;10.392304845413264;108;0.0;0.0;0.0;0.0;0.0;1.0;10000;65.92009999999999;175.2104987500001;10.44030650891055;109;0.0;0.0;0.0;0.0;0.0;1.0;10000;67.32900000000001;173.92114942499933;10.488088481701515;110;0.0;0.0;0.0;0.0;0.0;1.0;10000;65.4973;173.5964198499999;10.63014581273465;113;0.0;0.0;0.0;0.0;0.0;1.0;10000;64.85270000000001;173.8811192999998;9.746794344808963;95;0.0;0.0;0.0;0.0;0.0;1.0;10000;66.64540000000001;175.0761375249999;10.862780491200215;118;0.0;0.0;0.0;0.0;0.0;1.0;10000;61.8552;174.4908452;10.583005244258363;112;0.0;0.0;0.0;0.0;0.0;1.0;10000;68.8269;174.5327219249997;10.535653752852738;111;0.0;0.0;0.0;0.0;0.0;1.0;10000;70.7224;174.62019177500036;9.899494936611665;98;0.0;0.0;0.0;0.0;0.0;1.0;174.4210683724999;65.73519;56.4761
10000;52.8089;175.20154095000015;10.535653752852738;111;0.0;0.0;0.0;0.0;0.0;1.0;10000;56.59439999999999;174.41084737499983;10.198039027185569;104;0.0;0.0;0.0;0.0;0.0;1.0;10000;64.16279999999999;175.29657400000033;10.0;100;0.0;0.0;0.0;0.0;0.0;1.0;10000;69.45589999999999;173.8450285749998;10.246950765959598;105;0.0;0.0;0.0;0.0;0.0;1.0;10000;65.6814;174.7092793;10.295630140987;106;0.0;0.0;0.0;0.0;0.0;1.0;10000;51.86309999999999;174.79056267500002;10.344080432788601;107;0.0;0.0;0.0;0.0;0.0;1.0;10000;59.053599999999996;173.8511726750001;9.899494936611665;98;0.0;0.0;0.0;0.0;0.0;1.0;10000;61.25809999999999;174.71340150000037;10.14889156509222;103;0.0;0.0;0.0;0.0;0.0;1.0;10000;59.1452;174.28819420000042;9.797958971132712;96;0.0;0.0;0.0;0.0;0.0;1.0;10000;67.00740000000002;174.83399752500014;10.198039027185569;104;0.0;0.0;0.0;0.0;0.0;1.0;174.59405987750011;60.70308;51.86309999999999
10000;60.6539;174.64148529999989;10.246950765959598;105;0.0;0.0;0.0;0.0;0.0;1.0;10000;58.15540000000001;175.13157457500012;10.392304845413264;108;0.0;0.0;0.0;0.0;0.0;1.0;10000;69.7669;174.9337605500001;10.44030650891055;109;0.0;0.0;0.0;0.0;0.0;1.0;10000;65.54630000000002;174.58204610000016;10.535653752852738;111;0.0;0.0;0.0;0.0;0.0;1.0;10000;65.18609999999998;174.99023135000013;10.04987562112089;101;0.0;0.0;0.0;0.0;0.0;1.0;10000;33.9326;175.16910572500007;10.770329614269007;116;0.0;0.0;0.0;0.0;0.0;1.0;10000;56.8882;175.20197427500045;10.392304845413264;108;0.0;0.0;0.0;0.0;0.0;1.0;10000;45.26819999999999;174.48373264999972;10.583005244258363;112;0.0;0.0;0.0;0.0;0.0;1.0;10000;57.54099999999999;175.47020637500003;10.392304845413264;108;0.0;0.0;0.0;0.0;0.0;1.0;10000;48.010999999999996;174.07404137499984;10.198039027185569;104;0.0;0.0;0.0;0.0;0.0;1.0;174.86781582750007;56.09495999999999;33.9326
10000;74.21079999999998;174.57061682500046;10.677078252031311;114;0.0;0.0;0.0;0.0;0.0;1.0;10000;34.986299999999986;174.49665159999975;10.44030650891055;109;0.0;0.0;0.0;0.0;0.0;1.0;10000;66.02940000000001;174.94721840000022;9.695359714832659;94;0.0;0.0;0.0;0.0;0.0;1.0;10000;73.15899999999999;175.08185035000034;10.099504938362077;102;0.0;0.0;0.0;0.0;0.0;1.0;10000;65.0402;175.19760259999978;10.392304845413264;108;0.0;0.0;0.0;0.0;0.0;1.0;10000;64.2392;175.7018768250006;10.198039027185569;104;0.0;0.0;0.0;0.0;0.0;1.0;10000;73.51350000000001;175.9137369750003;10.535653752852738;111;0.0;0.0;0.0;0.0;0.0;1.0;10000;52.61690000000001;175.19526110000007;10.246950765959598;105;0.0;0.0;0.0;0.0;0.0;1.0;10000;52.3311;175.4205947500002;9.746794344808963;95;0.0;0.0;0.0;0.0;0.0;1.0;10000;59.45790000000001;174.4403796749995;10.63014581273465;113;0.0;0.0;0.0;0.0;0.0;1.0;175.09657891000012;61.55843;34.986299999999986
10000;67.5346;175.39024790000036;10.0;100;0.0;0.0;0.0;0.0;0.0;1.0;10000;64.6019;175.07388964999973;10.246950765959598;105;0.0;0.0;0.0;0.0;0.0;1.0;10000;47.432300000000005;174.19306042499997;10.723805294763608;115;0.0;0.0;0.0;0.0;0.0;1.0;10000;62.8282;175.84796152499948;10.862780491200215;118;0.0;0.0;0.0;0.0;0.0;1.0;10000;69.8309;174.40604174999993;10.44030650891055;109;0.0;0.0;0.0;0.0;0.0;1.0;10000;65.75429999999999;174.78529517500007;10.44030650891055;109;0.0;0.0;0.0;0.0;0.0;1.0;10000;47.22690000000001;175.057952625;10.44030650891055;109;0.0;0.0;0.0;0.0;0.0;1.0;10000;67.03309999999999;176.33568859999966;10.908712114635714;119;0.0;0.0;0.0;0.0;0.0;1.0;10000;59.35339999999999;174.56389742500062;10.488088481701515;110;0.0;0.0;0.0;0.0;0.0;1.0;10000;61.466699999999996;174.9973417500003;10.04987562112089;101;0.0;0.0;0.0;0.0;0.0;1.0;175.06513768250005;61.30622999999999;47.22690000000001
10000;63.124500000000005;174.6768633749997;10.04987562112089;101;0.0;0.0;0.0;0.0;0.0;1.0;10000;68.24069999999999;173.97780902500014;10.246950765959598;105;0.0;0.0;0.0;0.0;0.0;1.0;10000;68.1022;175.08071582499994;10.392304845413264;108;0.0;0.0;0.0;0.0;0.0;1.0;10000;64.1873;174.57506412500044;10.14889156509222;103;0.0;0.0;0.0;0.0;0.0;1.0;10000;62.26539999999999;174.18068675000004;10.392304845413264;108;0.0;0.0;0.0;0.0;0.0;1.0;10000;61.90539999999999;174.74365230000018;10.0;100;0.0;0.0;0.0;0.0;0.0;1.0;10000;67.87809999999999;175.41985754999996;9.848857801796104;97;0.0;0.0;0.0;0.0;0.0;1.0;10000;61.42020000000001;174.40772362500047;10.583005244258363;112;0.0;0.0;0.0;0.0;0.0;1.0;10000;62.878899999999994;174.79675727500012;9.848857801796104;97;0.0;0.0;0.0;0.0;0.0;1.0;10000;71.475;175.2963444999999;10.392304845413264;108;0.0;0.0;0.0;0.0;0.0;1.0;174.7155474350001;65.14777000000001;61.42020000000001
10000;74.0274;174.91557112500044;10.488088481701515;110;0.0;0.0;0.0;0.0;0.0;1.0;10000;56.3929;174.0402639000001;10.44030650891055;109;0.0;0.0;0.0;0.0;0.0;1.0;10000;57.8774;174.46773800000005;10.0;100;0.0;0.0;0.0;0.0;0.0;1.0;10000;61.013400000000004;175.7757916000005;10.295630140987;106;0.0;0.0;0.0;0.0;0.0;1.0;10000;69.8284;174.38331762500005;10.392304845413264;108;0.0;0.0;0.0;0.0;0.0;1.0;10000;55.5113;174.5294604500002;10.44030650891055;109;0.0;0.0;0.0;0.0;0.0;1.0;10000;65.6666;174.64806412500022;11.135528725660043;124;0.0;0.0;0.0;0.0;0.0;1.0;10000;58.01420000000001;175.24412204999987;10.392304845413264;108;0.0;0.0;0.0;0.0;0.0;1.0;10000;50.9654;173.46194194999956;10.392304845413264;108;0.0;0.0;0.0;0.0;0.0;1.0;10000;69.6556;174.7902203249999;10.862780491200215;118;0.0;0.0;0.0;0.0;0.0;1.0;174.62564911500004;61.89526000000001;50.9654
10000;73.1851;175.13531179999987;10.723805294763608;115;0.0;0.0;0.0;0.0;0.0;1.0;10000;72.3725;174.85913735000037;10.04987562112089;101;0.0;0.0;0.0;0.0;0.0;1.0;10000;68.1814;174.81082269999953;10.099504938362077;102;0.0;0.0;0.0;0.0;0.0;1.0;10000;54.31580000000001;174.69055022500018;9.591663046625438;92;0.0;0.0;0.0;0.0;0.0;1.0;10000;65.01360000000001;175.2702910499997;10.099504938362077;102;0.0;0.0;0.0;0.0;0.0;1.0;10000;69.489;174.28231067500013;9.899494936611665;98;0.0;0.0;0.0;0.0;0.0;1.0;10000;81.5866;175.65286647500002;10.583005244258363;112;0.0;0.0;0.0;0.0;0.0;1.0;10000;58.6477;174.69422554999966;10.14889156509222;103;0.0;0.0;0.0;0.0;0.0;1.0;10000;57.59760000000001;175.32429477499952;9.899494936611665;98;0.0;0.0;0.0;0.0;0.0;1.0;10000;63.4379;174.54969927500002;10.344080432788601;107;0.0;0.0;0.0;0.0;0.0;1.0;174.9269509874999;66.38272;54.31580000000001
10000;67.9212;175.23907902500008;10.392304845413264;108;0.0;0.0;0.0;0.0;0.0;1.0;10000;70.7843;173.93675885000036;10.344080432788601;107;0.0;0.0;0.0;0.0;0.0;1.0;10000;63.50930000000002;174.6950069749998;10.04987562112089;101;0.0;0.0;0.0;0.0;0.0;1.0;10000;67.1937;174.56116394999998;10.723805294763608;115;0.0;0.0;0.0;0.0;0.0;1.0;10000;64.6006;174.91677354999945;10.0;100;0.0;0.0;0.0;0.0;0.0;1.0;10000;49.8481;175.39677147499984;10.246950765959598;105;0.0;0.0;0.0;0.0;0.0;1.0;10000;69.3004;175.13735802500025;10.862780491200215;118;0.0;0.0;0.0;0.0;0.0;1.0;10000;42.87859999999999;174.73645992499976;10.392304845413264;108;0.0;0.0;0.0;0.0;0.0;1.0;10000;66.49000000000001;175.18805144999953;9.797958971132712;96;0.0;0.0;0.0;0.0;0.0;1.0;10000;54.263;173.70929247500007;10.198039027185569;104;0.0;0.0;0.0;0.0;0.0;1.0;174.75167156999993;61.678920000000005;42.87859999999999
10000;68.28989999999999;173.8463317749998;10.535653752852738;111;0.0;0.0;0.0;0.0;0.0;1.0;10000;56.133;175.41062464999976;10.488088481701515;110;0.0;0.0;0.0;0.0;0.0;1.0;10000;54.1345;175.95882755000025;10.816653826391969;117;0.0;0.0;0.0;0.0;0.0;1.0;10000;55.468799999999995;173.84085717500122;10.198039027185569;104;0.0;0.0;0.0;0.0;0.0;1.0;10000;69.59199999999998;173.4201804999994;9.797958971132712;96;0.0;0.0;0.0;0.0;0.0;1.0;10000;69.5271;174.43480340000042;10.04987562112089;101;0.0;0.0;0.0;0.0;0.0;1.0;10000;59.6095;175.05019899999974;9.433981132056603;89;0.0;0.0;0.0;0.0;0.0;1.0;10000;49.73750000000001;174.113307375;10.14889156509222;103;0.0;0.0;0.0;0.0;0.0;1.0;10000;54.7922;173.77478875;9.899494936611665;98;0.0;0.0;0.0;0.0;0.0;1.0;10000;69.7557;175.14648947499984;9.9498743710662;99;0.0;0.0;0.0;0.0;0.0;1.0;174.49964096500003;60.704020000000014;49.73750000000001
10000;63.71859999999999;175.95248677499995;10.488088481701515;110;0.0;0.0;0.0;0.0;0.0;1.0;10000;67.7857;173.84871817499985;10.44030650891055;109;0.0;0.0;0.0;0.0;0.0;1.0;10000;59.149100000000004;174.1194764500003;10.04987562112089;101;0.0;0.0;0.0;0.0;0.0;1.0;10000;49.850899999999996;174.9700158250006;10.344080432788601;107;0.0;0.0;0.0;0.0;0.0;1.0;10000;54.30329999999999;175.4542351500007;10.44030650891055;109;0.0;0.0;0.0;0.0;0.0;1.0;10000;66.49289999999999;175.68611145000025;9.9498743710662;99;0.0;0.0;0.0;0.0;0.0;1.0;10000;62.7317;175.14534952499943;9.9498743710662;99;0.0;0.0;0.0;0.0;0.0;1.0;10000;71.32279999999999;174.2130229;9.695359714832659;94;0.0;0.0;0.0;0.0;0.0;1.0;10000;53.785199999999996;175.31051114999985;10.295630140987;106;0.0;0.0;0.0;0.0;0.0;1.0;10000;72.9054;173.83251710000008;10.295630140987;106;0.0;0.0;0.0;0.0;0.0;1.0;174.8532444500001;62.204559999999994;49.850899999999996
10000;64.0786;175.4002847;10.198039027185569;104;0.0;0.0;0.0;0.0;0.0;1.0;10000;67.8384;174.48243227500032;11.313708498984761;128;0.0;0.0;0.0;0.0;0.0;1.0;10000;65.51299999999999;173.99672309999983;10.392304845413264;108;0.0;0.0;0.0;0.0;0.0;1.0;10000;67.9497;175.00544084999967;10.344080432788601;107;0.0;0.0;0.0;0.0;0.0;1.0;10000;72.09080000000002;174.16831227500006;10.295630140987;106;0.0;0.0;0.0;0.0;0.0;1.0;10000;75.85780000000003;175.11594042499968;10.583005244258363;112;0.0;0.0;0.0;0.0;0.0;1.0;10000;70.792;175.51741705000012;10.583005244258363;112;0.0;0.0;0.0;0.0;0.0;1.0;10000;68.6632;175.02355294999998;10.392304845413264;108;0.0;0.0;0.0;0.0;0.0;1.0;10000;74.0836;175.2167688749996;9.899494936611665;98;0.0;0.0;0.0;0.0;0.0;1.0;10000;57.71659999999999;174.29083879999968;10.198039027185569;104;0.0;0.0;0.0;0.0;0.0;1.0;174.82177112999992;68.45837;57.71659999999999
10000;62.602999999999994;174.26375092499978;10.488088481701515;110;0.0;0.0;0.0;0.0;0.0;1.0;10000;78.13939999999998;175.36326139999994;10.099504938362077;102;0.0;0.0;0.0;0.0;0.0;1.0;10000;64.77949999999998;175.14540817499974;10.246950765959598;105;0.0;0.0;0.0;0.0;0.0;1.0;10000;53.31230000000001;175.11832505000015;10.44030650891055;109;0.0;0.0;0.0;0.0;0.0;1.0;10000;66.2001;174.82802552499973;10.535653752852738;111;0.0;0.0;0.0;0.0;0.0;1.0;10000;73.45270000000001;174.3996009250004;10.535653752852738;111;0.0;0.0;0.0;0.0;0.0;1.0;10000;66.7195;174.7633581999996;9.9498743710662;99;0.0;0.0;0.0;0.0;0.0;1.0;10000;72.60430000000001;173.80963205000015;9.539392014169456;91;0.0;0.0;0.0;0.0;0.0;1.0;10000;55.4906;174.8850257750003;10.295630140987;106;0.0;0.0;0.0;0.0;0.0;1.0;10000;61.5908;174.5371406;10.198039027185569;104;0.0;0.0;0.0;0.0;0.0;1.0;174.71135286249998;65.48922;53.31230000000001
10000;51.55720000000001;173.8228161500006;10.099504938362077;102;0.0;0.0;0.0;0.0;0.0;1.0;10000;57.347;174.5316755750001;10.04987562112089;101;0.0;0.0;0.0;0.0;0.0;1.0;10000;47.71549999999999;175.56862624999997;10.246950765959598;105;0.0;0.0;0.0;0.0;0.0;1.0;10000;64.61750000000002;175.0512467749997;10.14889156509222;103;0.0;0.0;0.0;0.0;0.0;1.0;10000;52.57299999999999;174.69189520000006;10.198039027185569;104;0.0;0.0;0.0;0.0;0.0;1.0;10000;64.01320000000001;174.27948537500058;10.583005244258363;112;0.0;0.0;0.0;0.0;0.0;1.0;10000;60.51780000000001;175.50697895000025;10.770329614269007;116;0.0;0.0;0.0;0.0;0.0;1.0;10000;62.61280000000001;174.36956575000045;10.099504938362077;102;0.0;0.0;0.0;0.0;0.0;1.0;10000;64.55160000000001;174.39034834999993;10.954451150103322;120;0.0;0.0;0.0;0.0;0.0;1.0;10000;66.3741;174.9539617749996;10.535653752852738;111;0.0;0.0;0.0;0.0;0.0;1.0;174.71666001500014;59.18796999999999;47.71549999999999
10000;59.089699999999986;174.70674035000008;9.9498743710662;99;0.0;0.0;0.0;0.0;0.0;1.0;10000;61.7806;174.63050359999988;10.198039027185569;104;0.0;0.0;0.0;0.0;0.0;1.0;10000;54.693200000000004;174.77692527500017;10.392304845413264;108;0.0;0.0;0.0;0.0;0.0;1.0;10000;53.897800000000004;174.63169435000023;9.899494936611665;98;0.0;0.0;0.0;0.0;0.0;1.0;10000;42.11240000000001;173.97248862500038;9.695359714832659;94;0.0;0.0;0.0;0.0;0.0;1.0;10000;32.3678;173.35261897499996;10.488088481701515;110;0.0;0.0;0.0;0.0;0.0;1.0;10000;64.81770000000002;175.00334095000025;10.44030650891055;109;0.0;0.0;0.0;0.0;0.0;1.0;10000;62.4429;174.13116874999963;10.344080432788601;107;0.0;0.0;0.0;0.0;0.0;1.0;10000;51.93889999999999;174.51783042499994;10.14889156509222;103;0.0;0.0;0.0;0.0;0.0;1.0;10000;71.73939999999999;174.68330069999993;10.198039027185569;104;0.0;0.0;0.0;0.0;0.0;1.0;174.44066120000008;55.48804;32.3678
10000;52.01569999999999;174.5673029749998;10.246950765959598;105;0.0;0.0;0.0;0.0;0.0;1.0;10000;68.5985;175.11233634999988;10.344080432788601;107;0.0;0.0;0.0;0.0;0.0;1.0;10000;56.75609999999999;174.02013090000003;10.535653752852738;111;0.0;0.0;0.0;0.0;0.0;1.0;10000;66.74319999999999;174.57749442499994;10.295630140987;106;0.0;0.0;0.0;0.0;0.0;1.0;10000;59.5016;174.46151050000034;10.488088481701515;110;0.0;0.0;0.0;0.0;0.0;1.0;10000;65.9289;173.54969437499958;10.44030650891055;109;0.0;0.0;0.0;0.0;0.0;1.0;10000;73.7603;174.89373489999983;10.14889156509222;103;0.0;0.0;0.0;0.0;0.0;1.0;10000;71.8524;175.33345417499964;10.0;100;0.0;0.0;0.0;0.0;0.0;1.0;10000;42.375699999999995;174.91955440000012;10.44030650891055;109;0.0;0.0;0.0;0.0;0.0;1.0;10000;62.470400000000005;174.8887143000002;9.899494936611665;98;0.0;0.0;0.0;0.0;0.0;1.0;174.63239272999994;62.00028000000001;42.375699999999995
10000;47.75339999999999;174.51409099999992;10.392304845413264;108;0.0;0.0;0.0;0.0;0.0;1.0;10000;53.14620000000001;174.00064487500055;10.583005244258363;112;0.0;0.0;0.0;0.0;0.0;1.0;10000;64.3946;175.08815632500045;9.695359714832659;94;0.0;0.0;0.0;0.0;0.0;1.0;10000;68.86370000000001;174.54528345000008;10.14889156509222;103;0.0;0.0;0.0;0.0;0.0;1.0;10000;68.9433;174.37186910000014;10.14889156509222;103;0.0;0.0;0.0;0.0;0.0;1.0;10000;65.4196;175.2984014499997;10.295630140987;106;0.0;0.0;0.0;0.0;0.0;1.0;10000;70.1297;175.85191632499968;10.816653826391969;117;0.0;0.0;0.0;0.0;0.0;1.0;10000;64.0696;174.5217566750002;9.797958971132712;96;0.0;0.0;0.0;0.0;0.0;1.0;10000;61.670199999999994;174.03020582499968;10.295630140987;106;0.0;0.0;0.0;0.0;0.0;1.0;10000;64.6189;174.4518371999999;10.344080432788601;107;0.0;0.0;0.0;0.0;0.0;1.0;174.6674162225;62.90092;47.75339999999999
10000;60.998;174.50089702500003;10.862780491200215;118;0.0;0.0;0.0;0.0;0.0;1.0;10000;58.80350000000002;175.0530359500003;10.246950765959598;105;0.0;0.0;0.0;0.0;0.0;1.0;10000;60.347000000000016;174.96346135000056;10.198039027185569;104;0.0;0.0;0.0;0.0;0.0;1.0;10000;50.6454;174.0943880999999;10.198039027185569;104;0.0;0.0;0.0;0.0;0.0;1.0;10000;66.47310000000002;174.41100065000012;9.848857801796104;97;0.0;0.0;0.0;0.0;0.0;1.0;10000;67.012;175.32423860000003;10.0;100;0.0;0.0;0.0;0.0;0.0;1.0;10000;70.5099;173.775269675;9.746794344808963;95;0.0;0.0;0.0;0.0;0.0;1.0;10000;64.41489999999999;174.47381442499926;9.848857801796104;97;0.0;0.0;0.0;0.0;0.0;1.0;10000;80.73150000000003;175.3619403999999;10.04987562112089;101;0.0;0.0;0.0;0.0;0.0;1.0;10000;70.5674;174.59053059999934;10.488088481701515;110;0.0;0.0;0.0;0.0;0.0;1.0;174.65485767749993;65.05027000000001;50.6454
10000;57.490600000000015;174.80029304999982;9.797958971132712;96;0.0;0.0;0.0;0.0;0.0;1.0;10000;48.56270000000001;173.8964245999995;10.04987562112089;101;0.0;0.0;0.0;0.0;0.0;1.0;10000;72.6973;174.6312137750006;10.344080432788601;107;0.0;0.0;0.0;0.0;0.0;1.0;10000;60.52329999999999;175.42694070000027;10.816653826391969;117;0.0;0.0;0.0;0.0;0.0;1.0;10000;72.10020000000002;173.86574697499952;10.295630140987;106;0.0;0.0;0.0;0.0;0.0;1.0;10000;53.9232;174.86166897499982;9.899494936611665;98;0.0;0.0;0.0;0.0;0.0;1.0;10000;63.268799999999985;174.6260319500002;10.295630140987;106;0.0;0.0;0.0;0.0;0.0;1.0;10000;69.66;173.34593490000026;10.295630140987;106;0.0;0.0;0.0;0.0;0.0;1.0;10000;62.88999999999999;175.44182270000064;9.273618495495704;86;0.0;0.0;0.0;0.0;0.0;1.0;10000;48.8898;174.4292870000006;10.488088481701515;110;0.0;0.0;0.0;0.0;0.0;1.0;174.5325364625001;61.00059000000001;48.56270000000001
